{"loss": 1.6258171796798706, "_timestamp": 1690583692.3870833, "_runtime": 7.926195383071899, "_step": 10, "_wandb": {"runtime": 8}}