{"loss": 15.155108451843262, "_timestamp": 1690825327.085053, "_runtime": 7.9108428955078125, "_step": 5, "_wandb": {"runtime": 7}}