{"loss": 2.370370626449585, "_timestamp": 1690819937.8030715, "_runtime": 4.561314582824707, "_step": 1, "_wandb": {"runtime": 4}}