{"loss": 2.493896007537842, "_timestamp": 1690822792.1715155, "_runtime": 3.1089863777160645, "_step": 4, "_wandb": {"runtime": 3}}