{"loss": 1.763437271118164, "_timestamp": 1690583158.3049831, "_runtime": 5.659046173095703, "_step": 4, "_wandb": {"runtime": 5}}