{"loss": 1.6121699810028076, "_timestamp": 1690584022.0284586, "_runtime": 11.566934585571289, "_step": 20, "_wandb": {"runtime": 11}}