{"loss": 1.4686970710754395, "_timestamp": 1690577153.7567604, "_runtime": 10.12872838973999, "_step": 21, "_wandb": {"runtime": 10}}