{"loss": 0.8801882266998291, "_timestamp": 1690576317.5253913, "_runtime": 23.57114338874817, "_step": 65, "_wandb": {"runtime": 23}}