{"loss": 2.1796343326568604, "_timestamp": 1690820168.2363021, "_runtime": 5.914092063903809, "_step": 4, "_wandb": {"runtime": 6}}