{"loss": 5.944089889526367, "_timestamp": 1690823699.2761228, "_runtime": 4.563281774520874, "_step": 8, "_wandb": {"runtime": 3}}