{"loss": 1.7517380714416504, "_timestamp": 1690823478.0580482, "_runtime": 3.565756320953369, "_step": 6, "_wandb": {"runtime": 3}}