{"loss": 4.9447479248046875, "_timestamp": 1690823920.2955086, "_runtime": 5.771950721740723, "_step": 11, "_wandb": {"runtime": 5}}