{"loss": 2.0580523014068604, "_timestamp": 1690827855.4296937, "_runtime": 4.020197629928589, "_step": 7, "_wandb": {"runtime": 3}}