{"loss": 2.4857494831085205, "_timestamp": 1690825131.585243, "_runtime": 5.899770021438599, "_step": 13, "_wandb": {"runtime": 5}}