{"loss": 2.56907057762146, "_timestamp": 1690584122.4450095, "_runtime": 5.69518256187439, "_step": 4, "_wandb": {"runtime": 6}}