{"loss": 1.6634089946746826, "_timestamp": 1690821782.3763702, "_runtime": 5.313276290893555, "_step": 8, "_wandb": {"runtime": 4}}