{"loss": 1.8966166973114014, "_timestamp": 1690573282.877866, "_runtime": 5.437519073486328, "_step": 5, "_wandb": {"runtime": 5}}