{"loss": 2.0484189987182617, "_timestamp": 1690573489.017601, "_runtime": 5.356055021286011, "_step": 5, "_wandb": {"runtime": 5}}