{"loss": 14.918075561523438, "_timestamp": 1690826987.7488441, "_runtime": 2.6775262355804443, "_step": 3, "_wandb": {"runtime": 2}}