{"loss": 1.259348750114441, "_timestamp": 1690826891.184009, "_runtime": 35.337023973464966, "_step": 101, "_wandb": {"runtime": 35}}