{"loss": 2.094752550125122, "_timestamp": 1690828064.7933655, "_runtime": 5.588002443313599, "_step": 12, "_wandb": {"runtime": 5}}