{"loss": 1.8072035312652588, "_timestamp": 1690582831.3967886, "_runtime": 10.14154052734375, "_step": 16, "_wandb": {"runtime": 10}}