{"loss": 171.8115234375, "_timestamp": 1690824270.5638273, "_runtime": 2.7119243144989014, "_step": 1, "_wandb": {"runtime": 3}}