{"loss": 1.6905741691589355, "_timestamp": 1690577668.4729767, "_runtime": 10.476765632629395, "_step": 15, "_wandb": {"runtime": 10}}