{"loss": 2.231599807739258, "_timestamp": 1692129071.0779178, "_runtime": 6.4982008934021, "_step": 2, "_wandb": {"runtime": 7}}