{"loss": 30.407224655151367, "_timestamp": 1690824531.1199982, "_runtime": 12.83345627784729, "_step": 9, "_wandb": {"runtime": 12}}