{"loss": 1.7635161876678467, "_timestamp": 1690573805.284473, "_runtime": 11.136733055114746, "_step": 24, "_wandb": {"runtime": 11}}