{"loss": 1.1161695718765259, "_timestamp": 1685653418.129594, "_runtime": 50.624802112579346, "_step": 1}