{"loss": 2.172124147415161, "_timestamp": 1690584352.173539, "_runtime": 6.060757875442505, "_step": 5, "_wandb": {"runtime": 6}}