{"loss": 2.1455864906311035, "_timestamp": 1692129021.2258847, "_runtime": 18.273887634277344, "_step": 7, "_wandb": {"runtime": 19}}