{"loss": 2.0595860481262207, "_timestamp": 1690573655.8239186, "_runtime": 5.641645669937134, "_step": 5, "_wandb": {"runtime": 5}}