{"loss": 2.233673334121704, "_timestamp": 1690577551.87903, "_runtime": 5.965643882751465, "_step": 4, "_wandb": {"runtime": 6}}