{"loss": 2.1734893321990967, "_timestamp": 1690822256.5531483, "_runtime": 3.937554359436035, "_step": 7, "_wandb": {"runtime": 3}}