{"loss": 0.979167640209198, "_timestamp": 1685653786.620388, "_runtime": 275.0291669368744, "_step": 9, "_wandb": {"runtime": 281}}